Metric,Value
Reversal Rate,1.0
Injustice Rate,0.946969696969697
Save Rate,0.23106060606060605
Overlap Rate,0.4233576642335766
