analysis,slope,r2,p_value,first_week_mean,last_week_mean,total_inflation,inflation_pct,direction,positive_pct,negative_pct,first_week_threshold,last_week_threshold,avg_gap
Score Inflation,0.32192794906100214,0.9696567813531881,3.8682946269344294e-08,6.493268725257323,9.730088513513515,3.2368197882561915,49.84885002010939,,,,,,
Variance Convergence,-0.07307229364401428,0.7395311545761605,0.0006856706429662091,,,,,convergence,,,,,
Survival Bias,0.17335928293133154,0.8972920614079912,9.6405990367842e-06,,,,,,,,,,
Momentum Effect,-0.2968597346296224,0.17330598240554485,2.0442432171695303e-99,,,,,,56.40916808149405,32.85229202037351,,,
Elimination Threshold,0.2964642424242425,0.537644199582998,,,,,,,,,6.333333333333333,10.0,-3.9833266666666667
